{"ID": ["550116", "550858-551194", "550971", "551200", "551204", "551212", "551217-551237", "551219", "551220", "551224", "551229", "551236", "551244", "551247", "551255", "551259", "551260", "551274-551322-551424", "551276", "551277", "551284", "551289", "551308", "551311", "551317", "551329", "551331", "551335", "551355", "551360", "551364", "551366", "551383", "551397", "551411", "551413", "551415", "551417", "551418", "551423", "551438", "551439", "551440", "551443", "551444", "551445", "551446", "551455"], "Lat": [71.430491, 71.404431, 71.384295, 71.426375, 71.421712, 71.40757, 71.484783, 71.459112, 71.415193, 71.39458, 71.45046, 71.424852, 71.48337, 71.39886, 71.443998, 71.378214, 71.394718, 71.408227, 71.407166, 71.469076, 71.409301, 71.379649, 71.418975, 71.429352, 71.418655, 71.411357, 71.461663, 71.43605, 71.438505, 71.460228, 71.449479, 71.458635, 71.426306, 71.475237, 71.370509, 71.430937, 71.462376, 71.405863, 71.426192, 71.435591, 71.435288, 71.454682, 71.413941, 71.403724, 71.413313, 71.417807, 71.457046, 71.427986], "Long": [51.134636, 51.112858, 51.145753, 51.136863, 51.098657, 51.207442, 51.111695, 51.128498, 51.168686, 51.126221, 51.149222, 51.09368, 51.158398, 51.128389, 51.095333, 51.171272, 51.169914, 51.161642, 51.090505, 51.142631, 51.094386, 51.143029, 51.124202, 51.105314, 51.113709, 51.123767, 51.146635, 51.165009, 51.116883, 51.111005, 51.14122, 51.117242, 51.096756, 51.138417, 51.142572, 51.158631, 51.110304, 51.146949, 51.106867, 51.137416, 51.125676, 51.090306, 51.111974, 51.11616, 51.111656, 51.11367, 51.118195, 51.086618], "Polygon": [0, 0, 0, 0, 0, 100, 0, 100, 100, 0, 100, -20, 100, 0, -20, 100, 100, 100, 0, 100, 0, 0, 0, -20, 0, 0, 100, 100, 0, 0, 100, 0, -20, 100, 0, 100, 0, 0, -20, 0, 0, -20, 0, 0, 0, 0, 0, -20]}