{"index": [0, 1, 2, 3, 4, 5, 6, 7, 8, 9, 10, 11, 12, 13, 14, 15, 16, 17, 18, 19, 20, 21, 22, 23, 24, 25, 26, 27, 28, 29, 30, 31, 32, 33, 34, 35, 36, 37, 38, 39, 40, 41, 42, 43, 44, 45, 46, 47, 48, 49, 50, 51, 52, 53, 54, 55, 56, 57, 58, 59, 60, 61, 62, 63, 64, 65, 66, 67, 68, 69, 70, 71, 72, 73, 74, 75, 76, 77, 78, 79, 80, 81, 82, 83, 84, 85, 86, 87, 88, 89, 90, 91, 92, 93, 94, 95, 96, 97, 98, 99, 100, 101, 102, 103, 104, 105, 106, 107, 108, 109, 110, 111, 112, 113, 114, 115, 116, 117, 118, 119, 120, 121, 122, 123, 124, 125, 126, 127, 128, 129, 130, 131, 132, 133, 134, 135, 136, 137, 138, 139, 140, 141, 142, 143, 144, 145, 146, 147, 148, 149, 150, 151, 152, 153, 154, 155, 156, 157, 158, 159, 160, 161, 162, 163, 164, 165, 166, 167, 168, 169, 170, 171, 172, 173, 174, 175, 176, 177, 178, 179, 180, 181, 182, 183, 184, 185, 186, 187, 188, 189, 190, 191, 192, 193, 194, 195, 196, 197, 198, 199, 200, 201, 202, 203, 204, 205, 206, 207, 208, 209, 210, 211, 212, 213, 214, 215, 216, 217, 218, 219, 220, 221, 222, 223, 224, 225, 226, 227, 228, 229, 230, 231, 232, 233, 234, 235, 236, 237, 238, 239, 240, 241, 242, 243, 244, 245, 246, 247, 248, 249, 250, 251], "value": [42.77, 42.360001000000004, 41.66, 41.77, 42.080002, 43.48, 43.279999, 44.139998999999996, 44.360001000000004, 44.049999, 43.75, 43.32, 43.049999, 43.639998999999996, 43.650002, 43.91, 43.610001000000004, 43.75, 43.68, 43.450001, 43.599998, 43.939999, 43.669998, 43.830002, 43.509997999999996, 43.720001, 43.689999, 43.299999, 42.990002000000004, 41.91, 42.959998999999996, 42.709998999999996, 45.669998, 45.869999, 45.200001, 45.130001, 44.209998999999996, 43.970001, 44.439999, 45.73, 44.400002, 43.98, 43.610001000000004, 42.57, 42.650002, 42.32, 42.349998, 42.32, 42.549999, 42.509997999999996, 43.110001000000004, 43.509997999999996, 43.59, 44.799999, 44.990002000000004, 44.970001, 45.310001, 45.25, 45.07, 45.549999, 45.299999, 45.389998999999996, 45.470001, 45.57, 45.299999, 45.049999, 45.200001, 44.790001000000004, 44.459998999999996, 43.959998999999996, 43.209998999999996, 43.57, 43.75, 44.139998999999996, 43.900002, 44.790001000000004, 44.84, 45.540001000000004, 45.560001, 46.18, 46.279999, 46.68, 46.830002, 46.93, 46.66, 46.5, 46.919998, 46.639998999999996, 46.720001, 47.09, 47.400002, 46.919998, 47.27, 47.34, 47.709998999999996, 48.369999, 48.599998, 48.23, 47.57, 48.299999, 48.310001, 48.360001000000004, 48.310001, 48.689999, 48.790001000000004, 48.689999, 48.639998999999996, 48.68, 49.220001, 49.720001, 49.830002, 49.650002, 49.25, 49.189999, 49.279999, 49.369999, 49.470001, 49.380001, 49.549999, 49.52, 50.310001, 50.18, 50.509997999999996, 50.290001000000004, 49.720001, 49.369999, 49.470001, 48.869999, 49.169998, 49.209998999999996, 48.990002000000004, 49.150002, 49.02, 49.080002, 49.169998, 49.290001000000004, 48.59, 48.349998, 48.560001, 48.0, 48.02, 47.939999, 47.849998, 48.799999, 49.27, 48.529999, 48.27, 48.220001, 47.669998, 46.900002, 46.91, 46.849998, 46.959998999999996, 45.84, 46.48, 46.32, 47.330002, 46.860001000000004, 46.860001000000004, 47.16, 47.650002, 47.07, 47.240002000000004, 46.73, 46.57, 46.119999, 46.259997999999996, 46.299999, 45.34, 43.650002, 43.09, 41.68, 40.810001, 42.529999, 41.830002, 42.689999, 42.07, 41.549999, 37.07, 38.360001000000004, 36.25, 32.220001, 34.560001, 30.049999, 28.719998999999998, 21.0, 20.379998999999998, 20.48, 19.35, 23.67, 26.01, 29.08, 25.74, 28.639999, 25.790001, 23.93, 23.85, 21.76, 23.99, 26.610001, 30.450001, 32.490002000000004, 30.440001000000002, 31.27, 28.0, 28.82, 30.610001, 29.41, 27.440001000000002, 26.42, 27.549999, 28.469998999999998, 29.799999, 30.49, 30.959999, 29.73, 28.91, 28.799999, 28.799999, 28.120001000000002, 29.440001000000002, 28.67, 27.82, 25.790001, 23.85, 25.09, 24.629998999999998, 25.780001000000002, 25.49, 26.049999, 26.290001, 26.27, 27.42, 28.780001000000002, 27.49, 25.93, 26.719998999999998, 27.059998999999998, 28.16, 27.74, 29.219998999999998, 31.870001000000002, 30.040001, 28.469998999999998, 26.07, 26.98, 27.25, 27.219998999999998, 26.450001, 25.58, 24.870001000000002, 25.280001000000002]}
